{"version":"0.24","interactions":{"c6cdc9a1-99c9-400a-9c9c-5c15b71bed7e":[{"properties":{"transition":"none","duration":0.30000001192092896,"easing":"ease-out","preserveScrollPosition":false,"destination":"0763324d-aa5a-4fda-9c5c-1106934cc321","voiceLocale":"fr-fr"},"triggerEvent":"tap","action":"artboard-transition","id":"b89611fb-d411-4725-9c80-47cc5c5d95c9"}],"56486871-e17c-40f3-b56b-b34c95b646f8":[{"properties":{"transition":"none","duration":0.30000001192092896,"easing":"ease-out","preserveScrollPosition":false,"destination":"b0df3933-461d-40b4-bb39-cdce7128c52e","voiceLocale":"fr-fr"},"triggerEvent":"tap","action":"artboard-transition","id":"774bc14e-a85a-4de6-8850-b81fcc730803"}],"c60a44d6-4732-4c32-bd9c-18d8cbd14d25":[{"properties":{"transition":"none","duration":0.30000001192092896,"easing":"ease-out","preserveScrollPosition":false,"destination":"df1bebd8-f5ed-4088-a488-e4221c32c5d0","voiceLocale":"fr-fr"},"triggerEvent":"tap","action":"artboard-transition","id":"db3a6c30-c1a7-4e19-a083-e2ee7296b6a8"}],"14e644fc-87ae-4d4f-940c-592622c04755":[{"properties":{"transition":"none","duration":0.30000001192092896,"easing":"ease-out","preserveScrollPosition":false,"destination":"d7211d6f-0c79-4501-9c22-c968d1750946","voiceLocale":"fr-fr"},"triggerEvent":"tap","action":"artboard-transition","id":"8fc08578-4630-4d93-a9fd-1ac010698fe6"}],"530fbfa8-6466-4b1f-ae47-ecf9d05f71d7":[{"properties":{"transition":"none","duration":0.30000001192092896,"easing":"ease-out","preserveScrollPosition":false,"destination":"d57bcac6-3dcd-4456-8ecf-afe25c17a749","voiceLocale":"fr-fr"},"triggerEvent":"tap","action":"artboard-transition","id":"308ff9ea-1c89-469d-b772-e3967389c59d"}],"64087bd5-3940-446f-944a-efff0634aad8":[{"properties":{"transition":"none","duration":0.30000001192092896,"easing":"ease-out","preserveScrollPosition":false,"destination":"3eba00f8-2894-4f68-ac3b-74e14774c772","voiceLocale":"fr-fr"},"triggerEvent":"tap","action":"artboard-transition","id":"b6de36c5-d5d4-4efe-9ff3-46d950414be4"}],"41d6bce6-ad6a-4857-8052-253bd1c8b70f":[{"properties":{"transition":"none","duration":0.30000001192092896,"easing":"ease-out","preserveScrollPosition":false,"destination":"4c86e2c1-d394-49a1-bc35-2e86a8fd6675","voiceLocale":"fr-fr"},"triggerEvent":"tap","action":"artboard-transition","id":"d0ae9ebe-c044-4498-8529-04b0e3314670"}],"9fcba905-58fd-4e52-b8ae-f627af03a9a1":[{"properties":{"transition":"none","duration":0.30000001192092896,"easing":"ease-out","preserveScrollPosition":false,"destination":"631ff864-7492-4596-9a8a-32d82a90a715","voiceLocale":"fr-fr"},"triggerEvent":"tap","action":"artboard-transition","id":"79e9884b-45e5-4125-8b17-88b50c07f7be"}],"fef0fb11-5051-41b0-887d-06b7136b9411":[{"properties":{"transition":"none","duration":0.30000001192092896,"easing":"ease-out","preserveScrollPosition":false,"destination":"e2321f7c-405b-48e9-9aa1-2675ff31a541","voiceLocale":"fr-fr"},"triggerEvent":"tap","action":"artboard-transition","id":"72aa6835-e59a-4306-a798-9d300d79e07a"}],"eaa21a96-9038-4fb7-b073-6748553734ed":[{"properties":{"transition":"none","duration":0.30000001192092896,"easing":"ease-out","preserveScrollPosition":false,"destination":"44586585-75f1-4102-8059-3160d1a78bb9","voiceLocale":"fr-fr"},"triggerEvent":"tap","action":"artboard-transition","id":"3088d81d-3116-4841-ba7a-a67958177330"}],"facc766a-dd23-42ef-8795-57bc9fe984b4":[{"properties":{"transition":"none","duration":0.30000001192092896,"easing":"ease-out","preserveScrollPosition":false,"destination":"d8a67604-c663-4aba-852b-3d8e59efef4c","voiceLocale":"fr-fr"},"triggerEvent":"tap","action":"artboard-transition","id":"9b0c4031-329d-470a-8c19-1df80ca62195"}],"8336156b-06c4-45c3-b250-3bcadd10622e":[{"properties":{"transition":"none","duration":0.30000001192092896,"easing":"ease-out","preserveScrollPosition":false,"destination":"55021ba3-f6ed-4896-b9c5-04e09b8bb3ac","voiceLocale":"fr-fr"},"triggerEvent":"tap","action":"artboard-transition","id":"7835d56d-c1ec-4e3e-b4e0-26d96a1caaa3"}],"ecd59f4c-c130-4e85-ab33-dff9071d067f":[{"properties":{"transition":"none","duration":0.30000001192092896,"easing":"ease-out","preserveScrollPosition":false,"destination":"bfe77a5d-68a0-463a-b1a6-a0c870ad2530","voiceLocale":"fr-fr"},"triggerEvent":"tap","action":"artboard-transition","id":"473071fa-1807-47da-ac0b-195f858c6e7f"}],"ed00715e-b188-4c23-8478-a31428c40560":[{"properties":{"transition":"none","duration":0.30000001192092896,"easing":"ease-out","preserveScrollPosition":false,"destination":"dff10b08-cbe4-43ec-bddb-22b05c3b1318","voiceLocale":"fr-fr"},"triggerEvent":"tap","action":"artboard-transition","id":"75e69812-d373-47e5-b10f-937a3ebc593d"}],"a90f444b-eea5-4358-b029-4b2159c00921":[{"properties":{"transition":"none","duration":0.30000001192092896,"easing":"ease-out","preserveScrollPosition":false,"destination":"3679748c-d65c-4cbc-909f-2eefd07099e1","voiceLocale":"fr-fr"},"triggerEvent":"tap","action":"artboard-transition","id":"f90cc343-c7df-40e9-8d3f-ee56e6846ca4"}],"b5bc4ac1-4c9a-4a58-9169-6003395fed96":[{"properties":{"transition":"none","duration":0.30000001192092896,"easing":"ease-out","preserveScrollPosition":false,"destination":"b564d930-2353-43db-b2d7-f3a4611df8dc","voiceLocale":"fr-fr"},"triggerEvent":"tap","action":"artboard-transition","id":"53925450-82ee-4b8a-b16c-9ef5da3ceb67"}],"916b1830-05a2-47f7-942f-d48dedf33c4d":[{"properties":{"transition":"none","duration":0.30000001192092896,"easing":"ease-out","preserveScrollPosition":false,"destination":"8ee05702-a921-423f-9d25-63166495faf3","voiceLocale":"fr-fr"},"triggerEvent":"tap","action":"artboard-transition","id":"4c94502e-db06-4805-b442-3217fe20589a"}],"81fcbd8f-f7e7-4f6f-9a19-38e6dea24ecd":[{"properties":{"transition":"none","duration":0.30000001192092896,"easing":"ease-out","preserveScrollPosition":false,"destination":"ea34427d-1d87-48ae-a8c2-5c4521d2c08e","voiceLocale":"fr-fr"},"triggerEvent":"tap","action":"artboard-transition","id":"bb8413c9-1fc5-466d-8d9b-80c92d3e5e3a"}],"10d15a56-f97a-4f34-b19d-adb0d3e77ed1":[{"properties":{"transition":"none","duration":0.30000001192092896,"easing":"ease-out","preserveScrollPosition":false,"destination":"f0e378f7-e6e7-4219-ba99-839463036b31","voiceLocale":"fr-fr"},"triggerEvent":"tap","action":"artboard-transition","id":"87169498-89e3-4292-a3e3-20420110e577"}],"cfc60060-35aa-48de-acac-d1111e065076":[{"properties":{"transition":"none","duration":0.30000001192092896,"easing":"ease-out","preserveScrollPosition":false,"destination":"01326c88-66b6-4412-b0be-05b207f9060f","voiceLocale":"fr-fr"},"triggerEvent":"tap","action":"artboard-transition","id":"dc3ad464-f74d-4aa1-894d-13ae0951f9df"}],"ae7f349d-80e6-4dce-baf8-5c1df713ff39":[{"properties":{"transition":"none","duration":0.30000001192092896,"easing":"ease-out","preserveScrollPosition":false,"destination":"451a5585-fa34-461f-9dba-f080fb5e5132","voiceLocale":"fr-fr"},"triggerEvent":"tap","action":"artboard-transition","id":"9b9bea2b-0863-455a-ae1d-dcbc28eb2613"}],"4b4eca0f-4fb9-4702-9e04-38cd7267cf44":[{"properties":{"transition":"none","duration":0.30000001192092896,"easing":"ease-out","preserveScrollPosition":false,"destination":"2427ae83-d888-47bd-98b4-9094097cbb84","voiceLocale":"fr-fr"},"triggerEvent":"tap","action":"artboard-transition","id":"1bd57f1c-6e4f-4cfc-8dfa-a48fcd0f1e3e"}],"f53f4333-78e9-4386-bcc0-25e9eff700c8":[{"properties":{"transition":"none","duration":0.30000001192092896,"easing":"ease-out","preserveScrollPosition":false,"destination":"61e20350-662d-47c4-a874-f552a6aaa75a","voiceLocale":"fr-fr"},"triggerEvent":"tap","action":"artboard-transition","id":"40640469-a96b-4f95-a09c-bc3b27722740"}],"7e8a5962-3e56-41c1-be82-b76654152cc2":[{"properties":{"transition":"none","duration":0.30000001192092896,"easing":"ease-out","preserveScrollPosition":false,"destination":"2f1ccba6-e369-47be-a6f0-5e020a7412fb","voiceLocale":"fr-fr"},"triggerEvent":"tap","action":"artboard-transition","id":"49160db3-36a8-4ef6-897d-b83365139292"}],"1c10fa7d-4e75-4b04-9a83-82e4ced0186e":[{"properties":{"transition":"none","duration":0.30000001192092896,"easing":"ease-out","preserveScrollPosition":false,"destination":"55f9f67d-2f3b-4aae-a444-827ed0f3ac4c","voiceLocale":"fr-fr"},"triggerEvent":"tap","action":"artboard-transition","id":"1d377fb1-cba6-4336-9ecd-8a73e260d9bc"}],"307ea1fe-29f3-43ea-8b6c-2c464f6eb3b4":[{"properties":{"transition":"none","duration":0.30000001192092896,"easing":"ease-out","preserveScrollPosition":false,"destination":"cb36b6d3-15ab-4fba-9c6f-bb6648585777","voiceLocale":"fr-fr"},"triggerEvent":"tap","action":"artboard-transition","id":"15df791f-9d7a-490e-8e0f-1f46645043b9"}],"39e402d4-0d5a-4a2c-8b7a-0dc8af2c524f":[{"properties":{"transition":"none","duration":0.30000001192092896,"easing":"ease-out","preserveScrollPosition":false,"destination":"5e384f86-857a-43b6-8f5d-4624e1711693","voiceLocale":"fr-fr"},"triggerEvent":"tap","action":"artboard-transition","id":"381aad8b-228e-468a-bcf2-f4a6e97dde18"}],"7a058833-96db-4bea-b0b4-34550776fce0":[{"properties":{"transition":"none","duration":0.30000001192092896,"easing":"ease-out","preserveScrollPosition":false,"destination":"cd2034c6-184d-4331-a42e-70dac88f0267","voiceLocale":"fr-fr"},"triggerEvent":"tap","action":"artboard-transition","id":"8247eb99-c688-4229-bf50-d55bb2cdaf4c"}],"d16da239-6cc4-4520-b654-4e39117f684d":[{"properties":{"transition":"none","duration":0.30000001192092896,"easing":"ease-out","preserveScrollPosition":false,"destination":"e95d7e2f-084e-4c35-9a8b-fa1989ee427a","voiceLocale":"fr-fr"},"triggerEvent":"tap","action":"artboard-transition","id":"d5c29a58-feb9-42ba-8bda-8adba15e6e38"}],"628435fd-902d-4a9a-980b-9c504214217b":[{"properties":{"transition":"none","duration":0.30000001192092896,"easing":"ease-out","preserveScrollPosition":false,"destination":"538492ac-9df5-41dd-a9d9-0add3d5d51c8","voiceLocale":"fr-fr"},"triggerEvent":"tap","action":"artboard-transition","id":"6469688c-930f-4ced-88fd-7035d4e936c4"}],"0c7acc65-9a07-4191-bfb0-2dc15df11b1f":[{"properties":{"transition":"none","duration":0.30000001192092896,"easing":"ease-out","preserveScrollPosition":false,"destination":"cf631893-fe6a-425b-b3f3-e83a1754c72a","voiceLocale":"fr-fr"},"triggerEvent":"tap","action":"artboard-transition","id":"b4b48879-3c61-41e0-854e-8318fb36e29d"}],"bd3aaa10-7f28-4a4f-bd46-f1d3a6bb1db2":[{"properties":{"transition":"none","duration":0.30000001192092896,"easing":"ease-out","preserveScrollPosition":false,"destination":"a8a87781-21b5-42fb-9329-d7a3a2a0b0cb","voiceLocale":"fr-fr"},"triggerEvent":"tap","action":"artboard-transition","id":"528b4a35-ed3f-4e03-a26c-32dc5f2e7120"}],"f130f418-f8f2-4c76-b13a-ff5349bd7c7c":[{"properties":{"transition":"none","duration":0.30000001192092896,"easing":"ease-out","preserveScrollPosition":false,"destination":"b3296f55-f41e-4838-9c2d-4ca6ad42d1af","voiceLocale":"fr-fr"},"triggerEvent":"tap","action":"artboard-transition","id":"e1a056f7-4d83-4116-a55f-f07f77c7c030"}],"3e88208a-817b-4d86-b0a9-2ff8216659f6":[{"properties":{"transition":"none","duration":0.30000001192092896,"easing":"ease-out","preserveScrollPosition":false,"destination":"e03a3f1e-51e2-452c-a071-74aed2780ded","voiceLocale":"fr-fr"},"triggerEvent":"tap","action":"artboard-transition","id":"cd4517e8-750c-4227-bd23-d1180c5c0f36"}],"c2060a78-f603-47ab-9b24-b10ff650316f":[{"properties":{"transition":"none","duration":0.30000001192092896,"easing":"ease-out","preserveScrollPosition":false,"destination":"4b4d6c48-b565-4b8c-9f2e-034020d07c55","voiceLocale":"fr-fr"},"triggerEvent":"tap","action":"artboard-transition","id":"e66481ae-10dc-476c-8732-25911426fdd8"}],"0dedf9c1-78f3-4208-a95e-770fb7f88f53":[{"properties":{"transition":"none","duration":0.30000001192092896,"easing":"ease-out","preserveScrollPosition":false,"destination":"713e6e65-4b12-4b7a-8025-87ed54161353","voiceLocale":"fr-fr"},"triggerEvent":"tap","action":"artboard-transition","id":"03a45d74-0bb1-45a1-b346-0e7fb8338e73"}],"9cded9a4-bbf6-431c-86d4-a7d9ba2cae62":[{"properties":{"transition":"none","duration":0.30000001192092896,"easing":"ease-out","preserveScrollPosition":false,"destination":"3f1197fa-3e76-46c9-8bb0-3e7f826665b0","voiceLocale":"fr-fr"},"triggerEvent":"tap","action":"artboard-transition","id":"33d1d391-d8ff-426f-8253-760a35595a00"}]}}