{"version":"0.3","links":[{"name":"DASHBOARD-dialogue","durableLink":"NonPasswordDurable","publicShare":true,"orgShare":false,"allowComments":false,"requirePassword":false,"fullscreen":true,"hotspotHints":true,"navigationControls":true,"includeSpecs":false,"includeAssets":false,"platform":"","passwordPublished":false,"shareModeViewMode":"ShareModeViewModePresentation","useInvitationsCommentsACL":true,"isURNbasedSharedLink":false,"useSamPublish":false,"sharedURL":"https://xd.adobe.com/view/c9564c8b-83bf-4961-848e-4334abac8b81-9c05/?fullscreen","href":"https://cc-api-cp.adobe.io/api/v2/xd_prototypes/assets/c9564c8b-83bf-4961-848e-4334abac8b81/original","compositeID":"98843c21-e9af-4483-a802-95110859587d","assetID":"c9564c8b-83bf-4961-848e-4334abac8b81","resourceID":"663444e0-b3c4-4526-b9d5-d3ba0ed5ddad","spaceID":"","linksResourceID":"","assetURN":"urn:aaid:sc:US:c9564c8b-83bf-4961-848e-4334abac8b81","idHash":"rglKzuFfrpIIvcnu4D7jDcbBMj1LxhO9dpMNuxn+6vU=","dateStamp":1689262429539,"flowRootGuid":"","homeArtboardType":"Web","embedWidth":1920,"embedHeight":870}],"selectedLink":0}